source,target,nodes
"1697","914612",[1697]
"1697","914612",[1597, 1697, 705, 144]
"1697","914612",[1697, 705, 144, 1597]
"1697","914612",[705, 144, 1597]
"1697","914612",[144, 1597, 705, 398, 641, 158]
"1697","914612",[1597, 705, 398, 641, 158, 144]
"1697","914612",[705, 398, 641, 158, 144]
"1697","914612",[398, 641, 158, 144]
"1697","914612",[641, 158, 144, 398]
"1697","914612",[158, 144, 398, 641, 102, 200]
"1697","914612",[144, 398, 641, 102, 200, 158]
"1697","914612",[398, 641, 102, 200, 158]
"1697","914612",[641, 102, 200, 158]
"1697","914612",[102, 200, 158]
"1697","914612",[200, 158, 129, 197, 102, 193]
"1697","914612",[158, 129, 197, 102, 193, 200]
"1697","914612",[129, 197, 102, 193, 200]
"1697","914612",[197, 102, 193, 200, 163, 596520, 129, 420]
"1697","914612",[102, 193, 200, 163, 596520, 129, 420, 197]
"1697","914612",[193, 200, 163, 596520, 129, 420, 197]
"1697","914612",[200, 163, 596520, 129, 420, 197, 193]
"1697","914612",[163, 596520, 129, 420, 197, 193]
"1697","914612",[596520, 129, 420, 197, 193, 163]
"1697","914612",[129, 420, 197, 193, 163, 596520]
"1697","914612",[420, 197, 193, 163, 596520]
"1697","914612",[197, 193, 163, 596520, 420]
"1697","914612",[193, 163, 596520, 420]
"1697","914612",[163, 596520, 420]
"1697","914612",[596520, 420]
"1697","914612",[420]
"1697","914612",[]
"163","398",[163]
"163","398",[129, 163, 596520, 420]
"163","398",[163, 596520, 420, 102, 129, 193, 197]
"163","398",[596520, 420, 102, 129, 193, 197]
"163","398",[420, 102, 129, 193, 197, 596520]
"163","398",[102, 129, 193, 197, 596520, 420]
"163","398",[129, 193, 197, 596520, 420, 158, 102, 200, 641]
"163","398",[193, 197, 596520, 420, 158, 102, 200, 641]
"163","398",[197, 596520, 420, 158, 102, 200, 641, 193]
"163","398",[596520, 420, 158, 102, 200, 641, 193, 197]
"163","398",[420, 158, 102, 200, 641, 193, 197]
"163","398",[158, 102, 200, 641, 193, 197]
"641","398",[641]
"596520","420",[596520]
"914612","1597",[914612]
"914612","1597",[]
